date,filename,content,S_cat,S_concdef,V_raw,V_pct,V_minmax,week
2025-10-18,2025-10-18.md,"---
created: 2025-10-18
modified:
  - 2025-10-18T14:34:40-04:00
---

- **First Light**: What is on your mind? What is your focus today?
	- Ï°∞ÏßÅÍ≤ΩÏ†ú ÎÖºÎ¨∏ Ï†ïÎ¶¨Î•º ÏúÑÌï¥, innovation Ï†ïÎ¶¨ÌïòÎ©∞ [[ÏùòÏßÄÏö©ÌòÑ Îã®ÏÉÅ Î™®Ïùå]]
- **Last Light**: What were wins today? What's on tap for tomorrow?

# Freewrite

[[Ï°∞Ï†ïÌõà]] ÏùÑ ÎßåÎÇ¨ÎäîÎç∞, ÌÖåÏù¥Î∏îÏóê ÏôÄÏÑú Ïù∏ÏÇ¨Ìï¥Ï£ºÎäî Îã§Ï†ïÌï®Ïù¥ Ï¢ãÏïòÎã§. [[cathy_wu]]Í∞ôÏù¥ Ï¢ãÏùÄ ÏßÄÎèÑÍµêÏàòÏôÄ ÏûàÎã§Î≥¥Îãà Î≥¥Í≥† Î∞∞Ïö∞ÎäîÍ≤å ÌÅ∞ ÎìØ.





",27.831183260381348,56.26948639089533,49.159910608266834,41.66666666666667,12.766039692133443,2025-10-13/2025-10-19
2025-10-17,2025-10-17.md,"---
created: 2025-10-17
modified:
  - 2025-10-17T14:33:29-04:00
---

- **First Light**: What is on your mind? What is your focus today?

[[charlie_fine]],  [[scott_stern]] Íªò,
Ï†ÄÎäî ÏùÄÌñâÏùÑ Ïö¥ÏòÅÌï©ÎãàÎã§. ÏùòÏãùÏ†ÅÏù¥Îì† Î¨¥ÏùòÏãùÏ†ÅÏù¥Îì†, ÏÉÅÎåÄÏùò ÎÇôÍ¥ÄÏùÑ Ï†ú ÎÇôÍ¥ÄÍ≥º Ìè¨Í∞úÏñ¥, ÌòëÎ†• ÎÖºÎ¶¨Î°ú ÏÑ§ÎìùÌï† Îïå ÎπöÏù¥ ÏåìÏûÖÎãàÎã§. Í∑∏Îü∞ Ï±ÖÏûÑÏù¥ Ï†ú ÏÇ∂Ïùò ÎèôÎ†•ÏûÖÎãàÎã§. Îã§Î•∏ Î™®Îì† ÏÉÅÌô©Ïù¥ Î∂àÌôïÏã§Ìï¥Ï°åÏßÄÎßå, ÎçîÏö± ÌôïÏã§Ìï¥ÏßÑ Í≤ÉÏùÄ, ÎãπÏã†Îì§Ïù¥ Ï†à ÎØøÍ≥† Ìï¥Ï£ºÏÖ®Îçò Ìà¨ÏûêÍ∞Ä ÌóõÎêòÏßÄ ÏïäÍ≤å ÌïòÍ≤†Îã§Îäî ÎßàÏùåÏù¥ Ï†úÍ∞Ä ÌèâÏÉù Ïπ®ÎåÄÏóêÏÑú ÏùºÏñ¥ÎÇòÎäî ÎèôÍ∏∞Í∞Ä Îê†Í≤ÉÏù¥ÎùºÎäî Í≤ÅÎãàÎã§. Í∞êÏÇ¨Ìï©ÎãàÎã§.


- **Last Light**: What were wins today? What's on tap for tomorrow?

# Freewrite








",0.0,57.73253810569845,43.29940357927384,25.0,2.172610222249461,2025-10-13/2025-10-19
2025-10-16,2025-10-16.md,"---
created: 2025-10-16
modified:
  - 2025-10-16T09:30:04-04:00
---

- **First Light**: What is on your mind? What is your focus today?
Ï∞∞Î¶¨ ÍµêÏàòÎãòÍªò Ïû•Î¨∏Ïùò Î©îÏùº Î≥¥ÎÇ¥Í∏∞
- motivation: Ïã±Í∞ÄÌè¥Ïùò Ïù∏ÌÑ∞Î∑∞ - ÎäêÎ¶¨ÎçîÎùºÎèÑ ÎÅùÍπåÏßÄ Ìï¥ÎÇ∏Îã§. ÏÑ†ÏÉùÎãòÏùò o4e ÎÖºÎ¨∏, ÌîºÌîºÌã∞, ÎÖπÌôîÎ≥∏ÏùÑ 100Î≤àÏùÄ ÎÑòÍ≤å ÏùΩÏóàÍ≥† Ï≤¥ÌôîÎ•º ÌïòÎ†§ Íæ∏Ï§ÄÌûà ÎÖ∏Î†•Ìï¥ ÏßÄÍ∏àÏùÄ Îçî 
- Ï†úÍ∞Ä Î≥¥ÏÉÅÏã¨Î¶¨Í∞Ä ÏûàÏóàÎçòÍ±∞ Í∞ôÎã§. Ï†ÑÍ≥µÏùÑ Î∞îÍø®ÎäîÎç∞ Í∏∞Ï°¥Ïóê Î∞∞Ïõ†Îçò 
- Ïó¨Îü¨ ÌñâÎèôÏùÑ ÎäêÎÅºÍ≤å Ìï¥Ï£ºÏÖ®ÎäîÎç∞
	- ÎØøÏùå: I wouldn't abandon you

Ï†úÍ∞Ä Í∞ÄÏû• Ï°¥Í≤ΩÌïòÍ≥† ÎãÆÍ≥† Ïã∂ÏùÄ Ïù¥ÏàúÏã†Ïû•Íµ∞ÎãòÏù¥ ÏûàÏäµÎãàÎã§. 23Ï†Ñ 23ÏäπÏùò Î∂àÌå®Ïã†Ìôî, 13Ï≤ô ÎåÄ 330Ï≤ôÏúºÎ°ú ÏäπÎ¶¨Î°ú ÏïåÎ†§Ï†∏ ÏûàÎäî Í∑∏Îäî, Í∑∏Îü¨ÎÇò ÌñâÎ≥µÌïú ÏÇ∂ÏùÑ ÏÇ¥ÏßÄÎäî ÏïäÏïòÏäµÎãàÎã§. Ìï≠ÏÉÅ Î∞îÎ•∏ ÏÜåÎ¶¨Î•º ÌïòÍ≥†, Ï≤≠ÌÉÅÏùÑ Í±∞Ï†àÌïòÎäî ""Ïùò""Î•º Ï§ëÏöîÏãú ÌïòÎäî ÏÑ±Í≤©ÏúºÎ°ú, ÎßàÌùîÏù¥ ÎêòÏñ¥ÏÑúÏïº Ï≤´ Í¥ÄÏßÅÏùÑ ÏñªÏùÑÏàò ÏûàÏóàÏäµÎãàÎã§. ÏûÑÍ∏àÏùÄ Í∑∏Î•º ÏãúÍ∏∞ÌñàÍ≥†, Í∑∏Îäî Í≤∞Íµ≠ 


My second‚Äëyear draft was flawed but it crystallized a viable path. I‚Äôm seeking your methods mentorship to make the model resource‚Äërational and test it cleanly.

- Build much more background and make a stronger case for what you are saying. ‚ÄúData is not the plural of anecdote‚Äù
- 
# 
- earth shatteringÌïú ÎÖºÎ¨∏Ïùº ÌïÑÏöîÎäî ÏóÜÎã§Í≥† ÌïòÏÖ®ÏßÄÎßå, Ï†ÄÎäî Í∑∏Îü∞ ÍøàÏù¥ Ï§ëÏöîÌïòÎã§. ÌÖåÏä¨Îùº ÏºÄÏù¥Ïä§Ïä§ÌÑ∞ÎîîÎ•º ÌïòÎ©∞ Ï¢ãÏïòÎçò Ï†êÏùÄ Ïù¥Îü∞ ÌÅ∞ Íøà (master plan)ÏùÑ Í∞ÄÏßÄÍ≥† ÏπòÎ∞ÄÌïú Í≥ÑÌöçÏùÄ ÏÑ∏Ïö∞Îäî ÏÇ¨ÎûåÏùÄ Í≤∞Íµ≠ Ïù∏Î•òÏùò Ïö¥Î™ÖÏùÑ Î∞îÍæ∏Îäî Íµ¨ÎÇòÏòÄÏäµÎãàÎã§. ""Ïö¥Î™ÖÏùÑ Î∞îÍæ∏Í∏∞ ÏúÑÌï¥ Î™©Ïà®ÏùÑ Í±∏Ïñ¥Î≥∏ Ï†ÅÏù¥ ÏûàÎäîÍ∞Ä?""ÎùºÎäî Ìïú ceoÏùò ÎßêÏóê Í≥µÍ∞êÌïòÎäîÎç∞, ÌÅ∞ ÍøàÏùÑ ÏÑ∏Ïö∞Í≥† Îß§Ïùº Î™©Ïà®ÏùÑ 
- 
- **Last Light**: What were wins today? What's on tap for tomorrow?

# Freewrite








",0.0,65.02376457559565,48.76782343169674,37.5,12.05730445293095,2025-10-13/2025-10-19
2025-08-09,2025-08-09-interesting-criteria.md,"# 2025-01-11 interesting-criteria

```
        üê¢ Can?                üëæ User?
   Formalize curiosity     People seeking to
   as $/energy ratio       understand social
   (probability,           dynamics & make
   optimization)           engagement choices
              \                  /
               \                /
         Deliver? ‚Üê‚Üí  Sell?
                /              \
               /                \
        üêÖ Goal?              üêô Offer?  
    Map personality        Framework for
    prediction to          assessing who's
    engagement            worth engaging
    decisions             with (eyes, energy)
```

**Deliver**: üêÖ√óüê¢ = ‚úì Mathematical formalization enables systematic personality assessment
**Sell**: üëæ√óüêô = ‚úì People want practical tools for social decision-making
**$/time**: ‚úì High value through efficient social filtering

**Learning**: Interesting = (Unpredictability √ó Distance from population mean) / Energy required. Eyes reveal resistance/pushback which signals worthwhile engagement.

## Key Insights from Conversation

### 1. The Curiosity-Energy Formula
- Monetizing curiosity: $ earned per curiosity solved / energy invested
- Loud people = high denominator (energy) + low numerator (curiosity) = bad deal
- Exception: if something distinct beyond loudness (e.g., unique fashion)

### 2. Types of Interesting
- **Unpredictable + High Energy**: Avoided gaze person (what are they hiding?)
- **Predictable but Far from Mean**: Vernon's poetic academic writing
- **Style Variance**: Personal mean ‚â† population mean but still predictable

### 3. Decision Framework
- High energy state ‚Üí Choose unpredictable (avoided gaze)
- Low energy state ‚Üí Choose predictable but unique
- Eyes reveal: resistance, strength, playfulness (forms of pushback)

### 4. State vs Action Model
- State (changes faster): emotions, knowledge, eye contact patterns
- Action (requires effort): choosing to engage, speaking
- Entrepreneurial world ‚â† RL grid (no fixed states/actions)

## Angie's Capability
""I'm good at re-presenting others' thoughts using analogy and formalizing them (probability, statistics, optimization)""
- Decomposition: population mean (XÃÑ) vs personal mean (XÃÑ·µ¢) vs instance (X·µ¢‚±º)
- Conditional structure: P(action | emotional state)
- Optimization: maximize curiosity/energy ratio",11.196266325514792,75.25626597640542,59.24126606368276,66.66666666666666,30.98905818685393,2025-08-04/2025-08-10
2025-08-09,2025-08-09-curiosity-energy.md,"# 2025-01-11 curiosity-energy

```
        üê¢ Can?                üëæ User?
   Math formalization      Social navigators
   ($/energy ratio)        seeking efficiency
              \                  /
               \                /
         Deliver? ‚Üê‚Üí  Sell?
                /              \
               /                \
        üêÖ Goal?              üêô Offer?  
    Maximize social        Eye-reading filter
    $/time returns         for engagement
```

**Deliver**: üêÖ√óüê¢ = ‚úì Math makes social assessment systematic  
**Sell**: üëæ√óüêô = ‚úì People want efficient social filtering  
**$/time**: ‚úì High value via rapid pre-engagement assessment

**Learning**: Interesting = (Unpredictability √ó Distance from mean) / Energy. Eyes reveal resistance worth engaging.

## PARA-Zoo Map
- üêÖ Projects (time-bound goals)
- üê¢ Resources (reusable methods)  
- üëæ Areas (ongoing stakeholder needs)
- üêô Archives (completed work for reuse)",15.500309405565533,64.69672154226119,52.39761850808728,54.166666666666664,18.618507765485028,2025-08-04/2025-08-10
2025-08-08,2025-08-08-promise-precision-evolution.md,"# 2025-08-08 promise-precision-evolution

‚ö°TOLTOL: Map 5-model progression to 3D space (state√ódepth√óaction)
üß≤ZULZUL: Freedom evolves from level‚Üílimitation‚Üíflexibility‚Üíprecision

‚Üí $/time test:
  Deliver? 3D visualization √ó Model clarity = ‚úì
  Sell? Management Science √ó Rigorous progression = ‚úì

**Learning**: External dimensions (3D plot) reveal internal evolution (decision freedom)

## Integration from Existing Knowledge:

### From [[‚ö°toltol/people_analysis/]] (External patterns)
- Related person: [[‚ö°toltol/people_analysis/üó∫Ô∏èatom(PCO‚¨ÜÔ∏è‚¨áÔ∏è)/charlie_fine.md]] - systematic optimizer
- Quick pattern: Number models 1-5, not creative names
 
### From [[üß≤zulzul/ops4entrep/]] (Internal frameworks)  
- Theory connection: [[üß≤zulzul/ops4entrep/joker-framework.md]] - balance exploration/exploitation
- Deep principle: Promise precision = f(level, limitation, flexibility)

### From [[3_üêÖprofessionalize-processify/]] (Operations)
- Academic backing: [[3_üêÖ/ü´Äbayes/optimal-stopping.md]]
- Method: [[3_üêÖ/‚úãoperations/ü§ôprior(promise)/]]

## 8 TODO Items (from brown numbers):

1. [‚ö°] Fix notation: œÜ not ""five"", consistent throughout
2. [üß≤] Map GaNS baseline clearly as Model 1 foundation
3. [‚ö°] Draw 3D progression plot: (0,0,0)‚Üí(1,0,0)‚Üí(2,0,0)‚Üí(2,1,0)‚Üí(2,1,2)
4. [üß≤] Solve Model 3: œÜ* = {1 if VSD=max, 0.5 if VSD‚â´}
5. [üß≤] Solve Model 4: Œº* convergence when œÑ‚Üí‚àû
6. [‚ö°] Add convex d(œÜ) for Model 3b analysis
7. [üß≤] Prove Model 5: optimal œÑ* = f(Œº, c, VSD)
8. [‚ö°] Create table: Decision variables by model (0‚ÜíœÜ‚ÜíœÜ‚ÜíŒº,œÜ‚ÜíŒº,œÑ)

## Model Evolution Summary:

### Model 1: Freedom-Level (ÏûêÏú†-ÏàòÏ§Ä)
- State: (0,0,0) ‚Üí No decision variable
- P(success) exogenous

### Model 2: Freedom-Level Extended  
- State: (1,0,0) ‚Üí œÜ ‚àà [0,1]
- Promise level affects success

### Model 3: Finite/Limited (Ïú†Ìïú)
- State: (2,0,0) ‚Üí Branching: Sell vs Deliver
- Trade-off: d(œÜ) = delivery probability

### Model 4: Flexible (Ïú†Ïó∞)
- State: (2,1,0) ‚Üí Added depth dimension
- Œº = prior mean for promise

### Model 5: Discrete/Precision (Ïù¥ÏÇ∞/Ï†ïÎ∞ÄÎèÑ)
- State: (2,1,2) ‚Üí Added action dimension
- œÑ = sample size optimization
- Cost: c¬∑ln(œÑ)",12.161958596861268,55.178522383156114,44.42438143658241,29.166666666666668,4.206115775202829,2025-08-04/2025-08-10
2025-08-07,2025-08-07-smartcity.md,"# 2025-08-07 smartcity

‚ö°TOLTOL: Launch smart city course pilot
üß≤ZULZUL: Bayesian urban planning framework

‚Üí $/time test:
  Deliver? Data-driven ops √ó Bayes models = ‚úì
  Sell? City planners √ó Decision tools = ‚úì

**Learning**: Quick course pilots validate deep statistical models",89.96838952998208,42.03628712787519,77.98536392945536,95.83333333333334,64.87081581214666,2025-08-04/2025-08-10
2025-08-07,2025-08-07-charlie-model-progression.md,"# 2025-08-07 charlie-model-progression

‚ö°TOLTOL: Rename Joker‚Üíthree chains, fix phi notation, clarify GaNS baseline
üß≤ZULZUL: Build model progression 1‚Üí2‚Üí3‚Üí4‚Üí5 showing entrepreneur's promise evolution

‚Üí $/time test:
  Deliver? Clear progression √ó Bayesian framework = ‚úì
  Sell? OM professors √ó Promise-precision tradeoff = ‚úì

**Learning**: External clarity (naming, notation) enables internal rigor (model logic)

## TODO from Charlie Meeting:
1. **Immediate fixes** (‚ö°toltol):
   - [ ] Change ""Joker diagram"" ‚Üí ""three chains diagram""
   - [ ] Fix notation: phi (not five) throughout
   - [ ] Remove beta distribution from abstract

2. **Deep work** (üß≤zulzul):
   - [ ] Map GaNS model clearly as baseline (model 1)
   - [ ] Articulate why each model progression matters
   - [ ] Solve for optimal Œº* in model 3
   - [ ] Add convex d(œÜ) analysis for model 3b

3. **Paper structure**:
   - [ ] Crystal-clear introduction BEFORE literature review
   - [ ] Each model shows: entrepreneur chooses ‚Üí affects outcomes
   - [ ] Model 1: No choice (p,V exogenous)
   - [ ] Model 2: Choose œÜ (cheap talk)
   - [ ] Model 3: Trade-off sell vs deliver
   - [ ] Model 4: Choose Œº,œÑ (precision matters)
   - [ ] Model 5: Precision has cost c¬∑ln(œÑ)",12.261277974279801,67.03273493955435,53.339870698235714,58.333333333333336,20.321719120714192,2025-08-04/2025-08-10
2025-08-07,2025-08-07-charlie-feedback.md,"# 2025-08-07 charlie-feedback

‚ö°TOLTOL: Fix phi notation, rename Joker to ""three chains""
üß≤ZULZUL: Crystal-clear intro before literature review depth

‚Üí $/time test:
  Deliver? Clear intro √ó Three chains model = ‚úì
  Sell? Professors √ó Rigorous progression = ‚úì

**Learning**: Quick fixes (notation) enable deep clarity (model progression)",55.69794276160198,58.10544277122182,57.50356776881686,62.5,27.848001579374248,2025-08-04/2025-08-10
2025-08-05,2025-08-05-üÉè.md,"---
modified:
  - 2025-10-18T22:06:33-04:00
---
 # 2025-08-05 üÉè Joker

```
        üê¢ Can?                üëæ User?
   3-chain method         Entrepreneurs
         $/time            need OM theory
              \                  /
               \                /
                \              /
              Deliver? ‚Üê‚Üí  Sell?
                /              \
               /                \
              /                  \
        üêÖ Goal?              üêô Offer?  
    Bridge OM &          Joker framework
   entrepreneurship       + course
```

**‚úì Deliver**: Goal √ó Can = Theory ready  
**‚úì Sell**: User √ó Offer = They want this  
**‚úì $/time**: Value flows both ways

**Learning**: Operations IS entrepreneurial",41.58172530407933,55.61727481911154,52.10838744035349,50.0,18.095694824321544,2025-08-04/2025-08-10
2025-08-02,2025-08-02.md,"---
created: 2025-08-02
---

- **First Light**: What is on your mind? What is your focus today?
- **Last Light**: What were wins today? What's on tap for tomorrow?

# Freewrite








",0.0,56.12996014106451,42.09747010579838,12.5,0.0,2025-07-28/2025-08-03
2025-08-01,2025-08-01.md,"meeting with charlie
- belief (in fake it till make it) = uncertainty = optimal solution given cost and probability structure",89.67825717233991,100.0,97.41956429308497,100.0,100.0,2025-07-28/2025-08-03
2025-07-31,2025-07-31.md,"---
created: 2025-07-31
---

- **First Light**: What is on your mind? What is your focus today?
- **Last Light**: What were wins today? What's on tap for tomorrow?

# Freewrite








",0.0,56.12996014106451,42.09747010579838,12.5,0.0,2025-07-28/2025-08-03
2025-07-27,2025-07-27.md,"---
created: 2025-07-27
---

- **First Light**: What is on your mind? What is your focus today?
- **Last Light**: What were wins today? What's on tap for tomorrow?

# Freewrite








",0.0,56.12996014106451,42.09747010579838,12.5,0.0,2025-07-21/2025-07-27
2025-07-25,2025-07-25.md,"Íµ¨ÏõêÏùÑ Í∏∞Îã§Î¶¨Îäî ÌòÑÏÉÅÏúºÎ°ú, Íµ¨ÏõêÏùò Î∂ÄÏû¨Î•º ÏõêÏù∏Ïù¥Îùº ÏßÄÎ™©Ìï†ÏàòÎäî ÏóÜÎã§.

Ï†ÅÏ†àÌïú levelÏóêÏÑú ÏÉùÍ∞ÅÏ§ëÏù∏ÏßÄ Í≤ÄÌÜ†. ÌòÑÏã§ÏóêÏÑú Ìï¥Í≤∞Ìï¥ÏïºÌï† Î¨∏Ï†úÎäî Îî∞Î°ú ÏûàÎäî Î≤ï

waiting for room, 

only looking at room,
9.1 patients acitivity = 

",0.0,79.45816788640383,59.59362591480287,70.83333333333334,31.625982468728076,2025-07-21/2025-07-27
2025-07-21,2025-07-21.md,"- defense tech exploding

self introduction
simplify into bayesian entreprneurship (mens) et operations (manus)

‚Ä¢ **Who I am**: Angie Moon - I see operations through a Bayesian lens (everything is a random variable ‚Üí uncertainty pooling + flexibility)

‚Ä¢ **What I've done**: Matched capabilities to customers

- Demand prediction for logistics companies
- Lifecycle weapon systems for defense agencies

‚Ä¢ **How I think**: Connect needs with solutions

- Time series prediction using hierarchical Bayes
- Help entrepreneurs propose value to vendors

‚Ä¢ **Core belief**: Operations = creating value by linking capability, product, and customer

‚Ä¢ **Why Bayes matters**: Gives us pooling and flexibility to make decisions under uncertainty - whether managing inventory or defense systems",0.0,85.0,63.75,75.0,39.13902792779223,2025-07-21/2025-07-27
2025-07-18,2025-07-18.md," [[seongam_moon]] 
 - introduced asymmetric effect of time on two costs (future overage cost discounting) 
 - S-curve diffusion consists of the first exponential growth from reinforcing and the second from balancing loop
 - promise-fund-deliver.
	 - fund given promise has reinforcing effect i.e. the more your promise the more fund you get and the more you get funding the more you can promise
	 - deliver given promise is balancing loop i.e. the more you promise, the more you may deliver to certain degree, but this reinforcement faces physical bound
	
	- P(D|Q) = \integ P(D|F,Q) P(F|Q) dF
		- P(D|F,Q) is deliver probability given promise level (Q) and capital level (F)
		- P(F|Q) is funding probability given promise level 
 - not including reinforcement loop and balancing


definition of the prior predictive distribution, which is obtained by marginalizing the joint distribution `p(D,Œ∏|M)` over the parameters Œ∏

prior predictive distribution of deliverability D given promise level Q is 

demand D given inventory level Q  min_Q Co(D-Q)^+ + Cu(Q-D)^+

1. several intelligent agent? 
no, promise is promise to oneself, choosing optimal level of promise with one's desired speed and size

[[Atlas/Dots/ÌòÑÏßÄÏ†ïÏã†/Î≤ó/Î™ÖÎüâÏ†ïÌïò/jungha_kim]]
1. ",19.327905444741482,83.50469610185401,67.46049843757588,79.16666666666666,45.84611031880659,2025-07-14/2025-07-20
2025-07-17,2025-07-17.md,"‚≠êÔ∏èsemiconductor 3b ; 50gallon -> 30k gallon tank (nonlinearity) from [[day3.0 josh(gov-ent)]]

It was more a sociology study, and then we'll sort of get back to SBIR, but where it was more like social psych, but where they were like doing questions like, What is the population of Mozambique? They did to entrepreneurs. And then similar MBAs weren't entrepreneurs. And basically, the entrepreneurs were no better at picking population of Mozambique than the others. They then they said, What are your air bands around that estimate? And the entrepreneurs were all like, our air ban is between 14 point 2,000,014 point 8 million, as opposed to between 20 million and 80 million, right? They were just incredibly overconfident in terms of, yeah, but I don't think I have not seen anything that tries to relate the overconfidence to success.",0.0,67.0295154147715,50.272136561078625,45.83333333333333,14.77649495264198,2025-07-14/2025-07-20
2025-07-13,2025-07-13.md,"---
created: 2025-07-13
---

- **First Light**: What is on your mind? What is your focus today?
- **Last Light**: What were wins today? What's on tap for tomorrow?

# Freewrite








",0.0,56.12996014106451,42.09747010579838,12.5,0.0,2025-07-07/2025-07-13
2025-07-12,2025-07-12.md,am keep listening to [[ÎßêÌï¥Ïöî]],0.0,100.0,75.0,87.5,59.474483707745925,2025-07-07/2025-07-13
2025-07-10,2025-07-10.md,"---
created: 2025-07-10
---

- **First Light**: What is on your mind? What is your focus today?
- **Last Light**: What were wins today? What's on tap for tomorrow?

# Freewrite








",0.0,56.12996014106451,42.09747010579838,12.5,0.0,2025-07-07/2025-07-13
2025-07-09,2025-07-09.md,"enabled connecting to daily notes whenever i press cmd + shift + d. 
at the end of the day, if i press linked mentioned on the right, it shows what i've done for the day

next is learning to use calendar
",0.0,100.0,75.0,87.5,59.474483707745925,2025-07-07/2025-07-13
2025-07-08,2025-07-08.md,"- thought of promise vendor (name confirmed among vision, dream vendor from [[heegon_noh]], idea pitched to [[peyman]])
- experimented with new plugins",0.0,100.0,75.0,87.5,59.474483707745925,2025-07-07/2025-07-13
2025-03-09,2025-03-09.md,"  [[üí†integ(process-product)]]

using https://claude.ai/chat/252da16a-4f99-42a4-baf4-9e5602bf942c with artifact in 
https://claude.site/artifacts/84896cea-45fc-4870-b376-026d7bf1a2d6

<!DOCTYPE html>
<html lang=""en"">
<head>
  <meta charset=""UTF-8"">
  <meta name=""viewport"" content=""width=device-width, initial-scale=1.0"">
  <title>3-Hour Task Progress Tracker</title>
  <style>
    body {
      font-family: 'Segoe UI', Tahoma, Geneva, Verdana, sans-serif;
      margin: 0;
      padding: 20px;
      background-color: #f5f5f7;
      color: #333;
    }
    .container {
      max-width: 800px;
      margin: 0 auto;
      background-color: white;
      border-radius: 10px;
      box-shadow: 0 2px 10px rgba(0,0,0,0.1);
      padding: 20px;
    }
    h1 {
      text-align: center;
      color: #333;
      margin-top: 0;
      padding-bottom: 10px;
      border-bottom: 1px solid #eee;
    }
    h2 {
      margin-top: 20px;
      color: #444;
      display: flex;
      align-items: center;
      justify-content: space-between;
    }
    .task-group {
      margin-bottom: 20px;
      padding: 15px;
      border-radius: 8px;
      background-color: #f9f9f9;
    }
    .task {
      display: flex;
      flex-direction: column;
      margin: 10px 0;
      padding: 10px;
      background-color: white;
      border-radius: 5px;
      box-shadow: 0 1px 3px rgba(0,0,0,0.1);
    }
    .task:hover {
      background-color: #f0f7ff;
    }
    .task-main {
      display: flex;
      align-items: center;
      width: 100%;
    }
    .task-links {
      display: flex;
      margin-top: 8px;
      padding-top: 8px;
      border-top: 1px dashed #eee;
      width: 100%;
    }
    .link-input {
      flex-grow: 1;
      padding: 6px;
      margin-right: 10px;
      border: 1px solid #ddd;
      border-radius: 4px;
      font-size: 0.9em;
    }
    .link-label {
      min-width: 75px;
      font-size: 0.9em;
      color: #666;
      display: flex;
      align-items: center;
    }
    .task-checkbox {
      margin-right: 10px;
      transform: scale(1.2);
    }
    .task-description {
      flex-grow: 1;
    }
    .task-time {
      color: #666;
      font-size: 0.9em;
      margin-left: 10px;
      min-width: 60px;
      text-align: right;
    }
    .progress-container {
      height: 15px;
      background-color: #e0e0e0;
      border-radius: 7px;
      margin: 5px 0 15px 0;
    }
    .progress-bar {
      height: 100%;
      border-radius: 7px;
      background-color: #4CAF50;
      width: 0%;
      transition: width 0.3s ease;
    }
    .summary {
      display: flex;
      justify-content: space-between;
      margin-top: 20px;
      padding: 15px;
      background-color: #f0f7ff;
      border-radius: 8px;
    }
    .summary-item {
      text-align: center;
    }
    .summary-value {
      font-size: 1.5em;
      font-weight: bold;
      color: #4CAF50;
    }
    .time-display {
      font-size: 2em;
      text-align: center;
      margin: 20px 0;
      font-weight: bold;
    }
  </style>
</head>
<body>

<div class=""container"">
  <h1>3-Hour Task Progress Tracker</h1>
  
  <div style=""display: flex; justify-content: space-between; align-items: center; margin-bottom: 15px;"">
    <button id=""copyDataBtn"" class=""btn"" style=""padding: 8px 16px; background-color: #4CAF50; color: white; border: none; border-radius: 4px; cursor: pointer;"">Copy Progress Data</button>
    <div class=""time-display"" id=""timeDisplay"">03:00:00</div>
    <textarea id=""importData"" style=""display: none;""></textarea>
    <button id=""pasteDataBtn"" class=""btn"" style=""padding: 8px 16px; background-color: #2196F3; color: white; border: none; border-radius: 4px; cursor: pointer;"">Paste Progress Data</button>
  </div>
  
  <div class=""progress-container"">
    <div class=""progress-bar"" id=""overallProgress""></div>
  </div>
  
  <div class=""task-group"">
    <h2>Hour 1: Paper Introduction Writing <span id=""hour1-progress"">0%</span></h2>
    <div class=""progress-container"">
      <div class=""progress-bar"" id=""hour1-bar""></div>
    </div>
    
    <div class=""task"">
      <div class=""task-main"">
        <input type=""checkbox"" class=""task-checkbox"" data-group=""hour1"" data-time=""40"" id=""task1"">
        <label for=""task1"" class=""task-description"">Draft introduction with clear distinction between two audience versions</label>
        <span class=""task-time"">40 min</span>
      </div>
      <div class=""task-links"">
        <span class=""link-label"">GitHub:</span>
        <input type=""text"" class=""link-input"" placeholder=""Paste GitHub link here"" id=""github-task1"">
        <span class=""link-label"">Claude:</span>
        <input type=""text"" class=""link-input"" placeholder=""Paste Claude conversation link here"" id=""claude-task1"">
      </div>
    </div>
    
    <div class=""task"">
      <div class=""task-main"">
        <input type=""checkbox"" class=""task-checkbox"" data-group=""hour1"" data-time=""20"" id=""task2"">
        <label for=""task2"" class=""task-description"">Outline key theoretical arguments about go-to-market vs. œÜ learning</label>
        <span class=""task-time"">20 min</span>
      </div>
      <div class=""task-links"">
        <span class=""link-label"">GitHub:</span>
        <input type=""text"" class=""link-input"" placeholder=""Paste GitHub link here"" id=""github-task2"">
        <span class=""link-label"">Claude:</span>
        <input type=""text"" class=""link-input"" placeholder=""Paste Claude conversation link here"" id=""claude-task2"">
      </div>
    </div>
  </div>
  
  <div class=""task-group"">
    <h2>Hour 2: Bayesian Reading Group Preparation <span id=""hour2-progress"">0%</span></h2>
    <div class=""progress-container"">
      <div class=""progress-bar"" id=""hour2-bar""></div>
    </div>
    
    <div class=""task"">
      <div class=""task-main"">
        <input type=""checkbox"" class=""task-checkbox"" data-group=""hour2"" data-time=""30"" id=""task3"">
        <label for=""task3"" class=""task-description"">Create document structure with key terms and concepts</label>
        <span class=""task-time"">30 min</span>
      </div>
      <div class=""task-links"">
        <span class=""link-label"">GitHub:</span>
        <input type=""text"" class=""link-input"" placeholder=""Paste GitHub link here"" id=""github-task3"">
        <span class=""link-label"">Claude:</span>
        <input type=""text"" class=""link-input"" placeholder=""Paste Claude conversation link here"" id=""claude-task3"">
      </div>
    </div>
    
    <div class=""task"">
      <div class=""task-main"">
        <input type=""checkbox"" class=""task-checkbox"" data-group=""hour2"" data-time=""20"" id=""task4"">
        <label for=""task4"" class=""task-description"">Add citations and resource rationality concepts</label>
        <span class=""task-time"">20 min</span>
      </div>
      <div class=""task-links"">
        <span class=""link-label"">GitHub:</span>
        <input type=""text"" class=""link-input"" placeholder=""Paste GitHub link here"" id=""github-task4"">
        <span class=""link-label"">Claude:</span>
        <input type=""text"" class=""link-input"" placeholder=""Paste Claude conversation link here"" id=""claude-task4"">
      </div>
    </div>
    
    <div class=""task"">
      <div class=""task-main"">
        <input type=""checkbox"" class=""task-checkbox"" data-group=""hour2"" data-time=""10"" id=""task5"">
        <label for=""task5"" class=""task-description"">Review and refine</label>
        <span class=""task-time"">10 min</span>
      </div>
      <div class=""task-links"">
        <span class=""link-label"">GitHub:</span>
        <input type=""text"" class=""link-input"" placeholder=""Paste GitHub link here"" id=""github-task5"">
        <span class=""link-label"">Claude:</span>
        <input type=""text"" class=""link-input"" placeholder=""Paste Claude conversation link here"" id=""claude-task5"">
      </div>
    </div>
  </div>
  
  <div class=""task-group"">
    <h2>Hour 3: Platformization Theory Completion <span id=""hour3-progress"">0%</span></h2>
    <div class=""progress-container"">
      <div class=""progress-bar"" id=""hour3-bar""></div>
    </div>
    
    <div class=""task"">
      <div class=""task-main"">
        <input type=""checkbox"" class=""task-checkbox"" data-group=""hour3"" data-time=""25"" id=""task6"">
        <label for=""task6"" class=""task-description"">Develop predictive phenomena from customer/technology sides</label>
        <span class=""task-time"">25 min</span>
      </div>
      <div class=""task-links"">
        <span class=""link-label"">GitHub:</span>
        <input type=""text"" class=""link-input"" placeholder=""Paste GitHub link here"" id=""github-task6"">
        <span class=""link-label"">Claude:</span>
        <input type=""text"" class=""link-input"" placeholder=""Paste Claude conversation link here"" id=""claude-task6"">
      </div>
    </div>
    
    <div class=""task"">
      <div class=""task-main"">
        <input type=""checkbox"" class=""task-checkbox"" data-group=""hour3"" data-time=""25"" id=""task7"">
        <label for=""task7"" class=""task-description"">Articulate specialization scaling and domain-specific language benefits</label>
        <span class=""task-time"">25 min</span>
      </div>
      <div class=""task-links"">
        <span class=""link-label"">GitHub:</span>
        <input type=""text"" class=""link-input"" placeholder=""Paste GitHub link here"" id=""github-task7"">
        <span class=""link-label"">Claude:</span>
        <input type=""text"" class=""link-input"" placeholder=""Paste Claude conversation link here"" id=""claude-task7"">
      </div>
    </div>
    
    <div class=""task"">
      <div class=""task-main"">
        <input type=""checkbox"" class=""task-checkbox"" data-group=""hour3"" data-time=""10"" id=""task8"">
        <label for=""task8"" class=""task-description"">Connect to reinforcement loop and network effects</label>
        <span class=""task-time"">10 min</span>
      </div>
      <div class=""task-links"">
        <span class=""link-label"">GitHub:</span>
        <input type=""text"" class=""link-input"" placeholder=""Paste GitHub link here"" id=""github-task8"">
        <span class=""link-label"">Claude:</span>
        <input type=""text"" class=""link-input"" placeholder=""Paste Claude conversation link here"" id=""claude-task8"">
      </div>
    </div>
  </div>
  
  <div class=""summary"">
    <div class=""summary-item"">
      <div>Completed Tasks</div>
      <div class=""summary-value"" id=""completedTasks"">0/8</div>
    </div>
    <div class=""summary-item"">
      <div>Time Allocated</div>
      <div class=""summary-value"">180 min</div>
    </div>
    <div class=""summary-item"">
      <div>Overall Progress</div>
      <div class=""summary-value"" id=""overallProgressText"">0%</div>
    </div>
  </div>
  
  <div style=""margin-top: 20px; padding: 15px; background-color: #f9f9f9; border-radius: 8px;"" id=""notesContainer"">
    <h3 style=""margin-top: 0; color: #444;"">Task Notes</h3>
    <textarea id=""notesTextarea"" style=""width: 100%; height: 100px; padding: 10px; border: 1px solid #ddd; border-radius: 4px; margin-bottom: 10px;"" placeholder=""Add your notes, reflections, or planning for tomorrow here...""></textarea>
    <button id=""saveNotesBtn"" style=""padding: 8px 16px; background-color: #4CAF50; color: white; border: none; border-radius: 4px; cursor: pointer;"">Save Notes</button>
  </div>
</div>

<script>
  document.addEventListener('DOMContentLoaded', function() {
    // Initialize
    const checkboxes = document.querySelectorAll('.task-checkbox');
    const timerDisplay = document.getElementById('timeDisplay');
    const copyDataBtn = document.getElementById('copyDataBtn');
    const pasteDataBtn = document.getElementById('pasteDataBtn');
    const importData = document.getElementById('importData');
    let timer;
    let timeLeft = 3 * 60 * 60; // 3 hours in seconds
    const sessionDate = new Date().toISOString().slice(0, 10); // Today's date for session tracking
    
    // Task tracking
    const groups = {
      'hour1': { total: 60, completed: 0 },
      'hour2': { total: 60, completed: 0 },
      'hour3': { total: 60, completed: 0 }
    };
    
    // Copy progress data to clipboard
    function copyProgressData() {
      const taskData = [];
      
      // Collect data from all tasks
      checkboxes.forEach(checkbox => {
        const taskId = checkbox.id;
        const gitHubLink = document.getElementById(`github-${taskId}`)?.value || '';
        const claudeLink = document.getElementById(`claude-${taskId}`)?.value || '';
        const description = document.querySelector(`label[for=""${taskId}""]`)?.textContent || '';
        
        taskData.push({
          id: taskId,
          description: description,
          completed: checkbox.checked,
          gitHubLink: gitHubLink,
          claudeLink: claudeLink,
          group: checkbox.dataset.group,
          time: checkbox.dataset.time
        });
      });
      
      // Create a session object with timestamp
      const session = {
        date: sessionDate,
        timeLeft: timeLeft,
        tasks: taskData,
        notes: document.getElementById('notesTextarea')?.value || ''
      };
      
      // Convert to JSON string
      const dataStr = JSON.stringify(session, null, 2);
      
      // Create a temporary textarea element
      const tempTextArea = document.createElement('textarea');
      tempTextArea.value = dataStr;
      document.body.appendChild(tempTextArea);
      tempTextArea.select();
      
      // Copy the text
      try {
        document.execCommand('copy');
        alert('Progress data copied to clipboard! Save this in a text file for later use.');
      } catch (err) {
        alert('Failed to copy data. ' + err);
      }
      
      // Clean up
      document.body.removeChild(tempTextArea);
    }
    
    // Show textarea for pasting data
    function showImportTextarea() {
      // Create modal for pasting data
      const modal = document.createElement('div');
      modal.style.position = 'fixed';
      modal.style.top = '0';
      modal.style.left = '0';
      modal.style.width = '100%';
      modal.style.height = '100%';
      modal.style.backgroundColor = 'rgba(0,0,0,0.5)';
      modal.style.display = 'flex';
      modal.style.justifyContent = 'center';
      modal.style.alignItems = 'center';
      modal.style.zIndex = '1000';
      
      const modalContent = document.createElement('div');
      modalContent.style.backgroundColor = 'white';
      modalContent.style.padding = '20px';
      modalContent.style.borderRadius = '8px';
      modalContent.style.width = '80%';
      modalContent.style.maxWidth = '600px';
      
      const heading = document.createElement('h3');
      heading.textContent = 'Paste Progress Data';
      heading.style.marginTop = '0';
      
      const textarea = document.createElement('textarea');
      textarea.style.width = '100%';
      textarea.style.height = '200px';
      textarea.style.padding = '10px';
      textarea.style.marginBottom = '10px';
      textarea.placeholder = 'Paste your previously copied JSON data here...';
      
      const buttonContainer = document.createElement('div');
      buttonContainer.style.display = 'flex';
      buttonContainer.style.justifyContent = 'space-between';
      
      const importButton = document.createElement('button');
      importButton.textContent = 'Import Data';
      importButton.style.padding = '8px 16px';
      importButton.style.backgroundColor = '#4CAF50';
      importButton.style.color = 'white';
      importButton.style.border = 'none';
      importButton.style.borderRadius = '4px';
      importButton.style.cursor = 'pointer';
      
      const cancelButton = document.createElement('button');
      cancelButton.textContent = 'Cancel';
      cancelButton.style.padding = '8px 16px';
      cancelButton.style.backgroundColor = '#f44336';
      cancelButton.style.color = 'white';
      cancelButton.style.border = 'none';
      cancelButton.style.borderRadius = '4px';
      cancelButton.style.cursor = 'pointer';
      
      buttonContainer.appendChild(cancelButton);
      buttonContainer.appendChild(importButton);
      
      modalContent.appendChild(heading);
      modalContent.appendChild(textarea);
      modalContent.appendChild(buttonContainer);
      modal.appendChild(modalContent);
      
      document.body.appendChild(modal);
      
      // Cancel import
      cancelButton.addEventListener('click', function() {
        document.body.removeChild(modal);
      });
      
      // Import data
      importButton.addEventListener('click', function() {
        const jsonData = textarea.value;
        processImportedData(jsonData);
        document.body.removeChild(modal);
      });
    }
    
    // Process the imported data
    function processImportedData(jsonData) {
      try {
        const session = JSON.parse(jsonData);
        
        // Apply the imported session data
        if (session && session.tasks) {
          session.tasks.forEach(task => {
            const checkbox = document.getElementById(task.id);
            if (checkbox) {
              checkbox.checked = task.completed;
            }
            
            const gitHubInput = document.getElementById(`github-${task.id}`);
            if (gitHubInput && task.gitHubLink) {
              gitHubInput.value = task.gitHubLink;
            }
            
            const claudeInput = document.getElementById(`claude-${task.id}`);
            if (claudeInput && task.claudeLink) {
              claudeInput.value = task.claudeLink;
            }
          });
          
          // Import notes if available
          const notesTextarea = document.getElementById('notesTextarea');
          if (notesTextarea && session.notes) {
            notesTextarea.value = session.notes;
          }
          
          // Update time if needed
          if (session.timeLeft) {
            timeLeft = session.timeLeft;
            updateTimer();
          }
          
          // Update progress display
          updateProgress();
          
          alert('Progress imported successfully!');
        } else {
          alert('Invalid data format. Could not import progress.');
        }
      } catch (error) {
        console.error('Error importing data:', error);
        alert('Error importing data. Please make sure you\'ve pasted valid JSON.');
      }
    }
    
    // Update progress
    function updateProgress() {
      let totalTasks = checkboxes.length;
      let completedTasks = 0;
      let totalTimeCompleted = 0;
      
      // Reset group completed time
      for (let group in groups) {
        groups[group].completed = 0;
      }
      
      // Count completed tasks and time
      checkboxes.forEach(checkbox => {
        if (checkbox.checked) {
          completedTasks++;
          const group = checkbox.dataset.group;
          const taskTime = parseInt(checkbox.dataset.time);
          groups[group].completed += taskTime;
          totalTimeCompleted += taskTime;
        }
      });
      
      // Update group progress
      for (let group in groups) {
        const percentage = Math.round((groups[group].completed / groups[group].total) * 100);
        document.getElementById(`${group}-progress`).textContent = `${percentage}%`;
        document.getElementById(`${group}-bar`).style.width = `${percentage}%`;
      }
      
      // Update overall progress
      const overallPercentage = Math.round((totalTimeCompleted / 180) * 100);
      document.getElementById('overallProgress').style.width = `${overallPercentage}%`;
      document.getElementById('overallProgressText').textContent = `${overallPercentage}%`;
      document.getElementById('completedTasks').textContent = `${completedTasks}/${totalTasks}`;
    }
    
    // Timer function
    function updateTimer() {
      const hours = Math.floor(timeLeft / 3600);
      const minutes = Math.floor((timeLeft % 3600) / 60);
      const seconds = timeLeft % 60;
      
      timerDisplay.textContent = `${String(hours).padStart(2, '0')}:${String(minutes).padStart(2, '0')}:${String(seconds).padStart(2, '0')}`;
      
      if (timeLeft <= 0) {
        clearInterval(timer);
        timerDisplay.textContent = ""Time's up!"";
        return;
      }
      
      timeLeft--;
    }
    
    // Notes display and management
    const notesContainer = document.getElementById('notesContainer');
    const notesTextarea = document.getElementById('notesTextarea');
    const saveNotesBtn = document.getElementById('saveNotesBtn');
    
    if (saveNotesBtn) {
      saveNotesBtn.addEventListener('click', function() {
        // Include notes in the export functionality
        alert('Notes saved! They will be included in your next export.');
      });
    }
    
    // Set up event listeners
    checkboxes.forEach(checkbox => {
      checkbox.addEventListener('change', updateProgress);
    });
    
    copyDataBtn.addEventListener('click', copyProgressData);
    pasteDataBtn.addEventListener('click', showImportTextarea);
    
    // Add keyboard shortcut for copy (Ctrl+Shift+C)
    document.addEventListener('keydown', function(e) {
      if (e.ctrlKey && e.shiftKey && e.key === 'C') {
        e.preventDefault();
        copyProgressData();
      }
    });
    
    // Start timer
    timer = setInterval(updateTimer, 1000);
    updateTimer();
    
    // Initial progress update
    updateProgress();
  });
</script>

</body>
</html>",0.0,60.00776812073032,45.00582609054774,33.33333333333333,5.257132846243055,2025-03-03/2025-03-09
